Start date;End date;Germany/Luxembourg [€/MWh] Calculated resolutions
Mar 15, 2026 12:00 AM;Mar 15, 2026 1:00 AM;137.34
Mar 15, 2026 1:00 AM;Mar 15, 2026 2:00 AM;133.73
Mar 15, 2026 2:00 AM;Mar 15, 2026 3:00 AM;124.96
Mar 15, 2026 3:00 AM;Mar 15, 2026 4:00 AM;123.53
Mar 15, 2026 4:00 AM;Mar 15, 2026 5:00 AM;122.18
Mar 15, 2026 5:00 AM;Mar 15, 2026 6:00 AM;124.12
Mar 15, 2026 6:00 AM;Mar 15, 2026 7:00 AM;124.39
Mar 15, 2026 7:00 AM;Mar 15, 2026 8:00 AM;118.46
Mar 15, 2026 8:00 AM;Mar 15, 2026 9:00 AM;109.1
Mar 15, 2026 9:00 AM;Mar 15, 2026 10:00 AM;94.77
Mar 15, 2026 10:00 AM;Mar 15, 2026 11:00 AM;87.31
Mar 15, 2026 11:00 AM;Mar 15, 2026 12:00 PM;72.21
Mar 15, 2026 12:00 PM;Mar 15, 2026 1:00 PM;52.97
Mar 15, 2026 1:00 PM;Mar 15, 2026 2:00 PM;36.46
Mar 15, 2026 2:00 PM;Mar 15, 2026 3:00 PM;37.2
Mar 15, 2026 3:00 PM;Mar 15, 2026 4:00 PM;63.08
Mar 15, 2026 4:00 PM;Mar 15, 2026 5:00 PM;89.25
Mar 15, 2026 5:00 PM;Mar 15, 2026 6:00 PM;127.91
Mar 15, 2026 6:00 PM;Mar 15, 2026 7:00 PM;149.12
Mar 15, 2026 7:00 PM;Mar 15, 2026 8:00 PM;131.87
Mar 15, 2026 8:00 PM;Mar 15, 2026 9:00 PM;108.48
Mar 15, 2026 9:00 PM;Mar 15, 2026 10:00 PM;91.88
Mar 15, 2026 10:00 PM;Mar 15, 2026 11:00 PM;82.86
Mar 15, 2026 11:00 PM;Mar 16, 2026 12:00 AM;64.02
Mar 16, 2026 12:00 AM;Mar 16, 2026 1:00 AM;34.17
Mar 16, 2026 1:00 AM;Mar 16, 2026 2:00 AM;23.33
Mar 16, 2026 2:00 AM;Mar 16, 2026 3:00 AM;17.59
Mar 16, 2026 3:00 AM;Mar 16, 2026 4:00 AM;14.14
Mar 16, 2026 4:00 AM;Mar 16, 2026 5:00 AM;20.06
Mar 16, 2026 5:00 AM;Mar 16, 2026 6:00 AM;37.43
Mar 16, 2026 6:00 AM;Mar 16, 2026 7:00 AM;66.19
Mar 16, 2026 7:00 AM;Mar 16, 2026 8:00 AM;95.57
Mar 16, 2026 8:00 AM;Mar 16, 2026 9:00 AM;95.98
Mar 16, 2026 9:00 AM;Mar 16, 2026 10:00 AM;73.1
Mar 16, 2026 10:00 AM;Mar 16, 2026 11:00 AM;42.6
Mar 16, 2026 11:00 AM;Mar 16, 2026 12:00 PM;17.37
Mar 16, 2026 12:00 PM;Mar 16, 2026 1:00 PM;12.04
Mar 16, 2026 1:00 PM;Mar 16, 2026 2:00 PM;15.88
Mar 16, 2026 2:00 PM;Mar 16, 2026 3:00 PM;42.17
Mar 16, 2026 3:00 PM;Mar 16, 2026 4:00 PM;64.45
Mar 16, 2026 4:00 PM;Mar 16, 2026 5:00 PM;106.21
Mar 16, 2026 5:00 PM;Mar 16, 2026 6:00 PM;138.6
Mar 16, 2026 6:00 PM;Mar 16, 2026 7:00 PM;165.04
Mar 16, 2026 7:00 PM;Mar 16, 2026 8:00 PM;179.89
Mar 16, 2026 8:00 PM;Mar 16, 2026 9:00 PM;154.78
Mar 16, 2026 9:00 PM;Mar 16, 2026 10:00 PM;125.71
Mar 16, 2026 10:00 PM;Mar 16, 2026 11:00 PM;121.91
Mar 16, 2026 11:00 PM;Mar 17, 2026 12:00 AM;99.77
Mar 17, 2026 12:00 AM;Mar 17, 2026 1:00 AM;113.67
Mar 17, 2026 1:00 AM;Mar 17, 2026 2:00 AM;105.59
Mar 17, 2026 2:00 AM;Mar 17, 2026 3:00 AM;106.42
Mar 17, 2026 3:00 AM;Mar 17, 2026 4:00 AM;106.52
Mar 17, 2026 4:00 AM;Mar 17, 2026 5:00 AM;110.03
Mar 17, 2026 5:00 AM;Mar 17, 2026 6:00 AM;119.92
Mar 17, 2026 6:00 AM;Mar 17, 2026 7:00 AM;147.97
Mar 17, 2026 7:00 AM;Mar 17, 2026 8:00 AM;167.98
Mar 17, 2026 8:00 AM;Mar 17, 2026 9:00 AM;152.51
Mar 17, 2026 9:00 AM;Mar 17, 2026 10:00 AM;124.07
Mar 17, 2026 10:00 AM;Mar 17, 2026 11:00 AM;108.64
Mar 17, 2026 11:00 AM;Mar 17, 2026 12:00 PM;100.65
Mar 17, 2026 12:00 PM;Mar 17, 2026 1:00 PM;95.23
Mar 17, 2026 1:00 PM;Mar 17, 2026 2:00 PM;96.77
Mar 17, 2026 2:00 PM;Mar 17, 2026 3:00 PM;99.33
Mar 17, 2026 3:00 PM;Mar 17, 2026 4:00 PM;112.11
Mar 17, 2026 4:00 PM;Mar 17, 2026 5:00 PM;131.78
Mar 17, 2026 5:00 PM;Mar 17, 2026 6:00 PM;162.2
Mar 17, 2026 6:00 PM;Mar 17, 2026 7:00 PM;207.3
Mar 17, 2026 7:00 PM;Mar 17, 2026 8:00 PM;170.38
Mar 17, 2026 8:00 PM;Mar 17, 2026 9:00 PM;144.24
Mar 17, 2026 9:00 PM;Mar 17, 2026 10:00 PM;129.79
Mar 17, 2026 10:00 PM;Mar 17, 2026 11:00 PM;114.24
Mar 17, 2026 11:00 PM;Mar 18, 2026 12:00 AM;100.46
Mar 18, 2026 12:00 AM;Mar 18, 2026 1:00 AM;89.8
Mar 18, 2026 1:00 AM;Mar 18, 2026 2:00 AM;86.73
Mar 18, 2026 2:00 AM;Mar 18, 2026 3:00 AM;85.69
Mar 18, 2026 3:00 AM;Mar 18, 2026 4:00 AM;86.87
Mar 18, 2026 4:00 AM;Mar 18, 2026 5:00 AM;88.84
Mar 18, 2026 5:00 AM;Mar 18, 2026 6:00 AM;100.06
Mar 18, 2026 6:00 AM;Mar 18, 2026 7:00 AM;130.74
Mar 18, 2026 7:00 AM;Mar 18, 2026 8:00 AM;133.59
Mar 18, 2026 8:00 AM;Mar 18, 2026 9:00 AM;99.94
Mar 18, 2026 9:00 AM;Mar 18, 2026 10:00 AM;62.95
Mar 18, 2026 10:00 AM;Mar 18, 2026 11:00 AM;10
Mar 18, 2026 11:00 AM;Mar 18, 2026 12:00 PM;-1.62
Mar 18, 2026 12:00 PM;Mar 18, 2026 1:00 PM;-2.31
Mar 18, 2026 1:00 PM;Mar 18, 2026 2:00 PM;-2.71
Mar 18, 2026 2:00 PM;Mar 18, 2026 3:00 PM;0.22
Mar 18, 2026 3:00 PM;Mar 18, 2026 4:00 PM;47.19
Mar 18, 2026 4:00 PM;Mar 18, 2026 5:00 PM;107.03
Mar 18, 2026 5:00 PM;Mar 18, 2026 6:00 PM;145.21
Mar 18, 2026 6:00 PM;Mar 18, 2026 7:00 PM;177.62
Mar 18, 2026 7:00 PM;Mar 18, 2026 8:00 PM;170.2
Mar 18, 2026 8:00 PM;Mar 18, 2026 9:00 PM;148.49
Mar 18, 2026 9:00 PM;Mar 18, 2026 10:00 PM;132.06
Mar 18, 2026 10:00 PM;Mar 18, 2026 11:00 PM;123.78
Mar 18, 2026 11:00 PM;Mar 19, 2026 12:00 AM;113.38
Mar 19, 2026 12:00 AM;Mar 19, 2026 1:00 AM;109.25
Mar 19, 2026 1:00 AM;Mar 19, 2026 2:00 AM;112.64
Mar 19, 2026 2:00 AM;Mar 19, 2026 3:00 AM;113.99
Mar 19, 2026 3:00 AM;Mar 19, 2026 4:00 AM;115.53
Mar 19, 2026 4:00 AM;Mar 19, 2026 5:00 AM;123.28
Mar 19, 2026 5:00 AM;Mar 19, 2026 6:00 AM;132.78
Mar 19, 2026 6:00 AM;Mar 19, 2026 7:00 AM;160.13
Mar 19, 2026 7:00 AM;Mar 19, 2026 8:00 AM;158.24
Mar 19, 2026 8:00 AM;Mar 19, 2026 9:00 AM;138.6
Mar 19, 2026 9:00 AM;Mar 19, 2026 10:00 AM;90.9
Mar 19, 2026 10:00 AM;Mar 19, 2026 11:00 AM;55.3
Mar 19, 2026 11:00 AM;Mar 19, 2026 12:00 PM;7.87
Mar 19, 2026 12:00 PM;Mar 19, 2026 1:00 PM;0
Mar 19, 2026 1:00 PM;Mar 19, 2026 2:00 PM;2.53
Mar 19, 2026 2:00 PM;Mar 19, 2026 3:00 PM;43.72
Mar 19, 2026 3:00 PM;Mar 19, 2026 4:00 PM;85.95
Mar 19, 2026 4:00 PM;Mar 19, 2026 5:00 PM;120.35
Mar 19, 2026 5:00 PM;Mar 19, 2026 6:00 PM;152.18
Mar 19, 2026 6:00 PM;Mar 19, 2026 7:00 PM;209.27
Mar 19, 2026 7:00 PM;Mar 19, 2026 8:00 PM;214.38
Mar 19, 2026 8:00 PM;Mar 19, 2026 9:00 PM;163.37
Mar 19, 2026 9:00 PM;Mar 19, 2026 10:00 PM;149.04
Mar 19, 2026 10:00 PM;Mar 19, 2026 11:00 PM;139.55
Mar 19, 2026 11:00 PM;Mar 20, 2026 12:00 AM;132.24
Mar 20, 2026 12:00 AM;Mar 20, 2026 1:00 AM;143.56
Mar 20, 2026 1:00 AM;Mar 20, 2026 2:00 AM;137.96
Mar 20, 2026 2:00 AM;Mar 20, 2026 3:00 AM;135.64
Mar 20, 2026 3:00 AM;Mar 20, 2026 4:00 AM;137.48
Mar 20, 2026 4:00 AM;Mar 20, 2026 5:00 AM;138.91
Mar 20, 2026 5:00 AM;Mar 20, 2026 6:00 AM;154.59
Mar 20, 2026 6:00 AM;Mar 20, 2026 7:00 AM;192.3
Mar 20, 2026 7:00 AM;Mar 20, 2026 8:00 AM;197.64
Mar 20, 2026 8:00 AM;Mar 20, 2026 9:00 AM;161.3
Mar 20, 2026 9:00 AM;Mar 20, 2026 10:00 AM;132.01
Mar 20, 2026 10:00 AM;Mar 20, 2026 11:00 AM;101.09
Mar 20, 2026 11:00 AM;Mar 20, 2026 12:00 PM;78.47
Mar 20, 2026 12:00 PM;Mar 20, 2026 1:00 PM;65.61
Mar 20, 2026 1:00 PM;Mar 20, 2026 2:00 PM;65.61
Mar 20, 2026 2:00 PM;Mar 20, 2026 3:00 PM;87.4
Mar 20, 2026 3:00 PM;Mar 20, 2026 4:00 PM;117.16
Mar 20, 2026 4:00 PM;Mar 20, 2026 5:00 PM;144.68
Mar 20, 2026 5:00 PM;Mar 20, 2026 6:00 PM;174.82
Mar 20, 2026 6:00 PM;Mar 20, 2026 7:00 PM;211.01
Mar 20, 2026 7:00 PM;Mar 20, 2026 8:00 PM;212.31
Mar 20, 2026 8:00 PM;Mar 20, 2026 9:00 PM;180.03
Mar 20, 2026 9:00 PM;Mar 20, 2026 10:00 PM;163.05
Mar 20, 2026 10:00 PM;Mar 20, 2026 11:00 PM;151.85
Mar 20, 2026 11:00 PM;Mar 21, 2026 12:00 AM;148.13
Mar 21, 2026 12:00 AM;Mar 21, 2026 1:00 AM;142.4
Mar 21, 2026 1:00 AM;Mar 21, 2026 2:00 AM;138.34
Mar 21, 2026 2:00 AM;Mar 21, 2026 3:00 AM;136.09
Mar 21, 2026 3:00 AM;Mar 21, 2026 4:00 AM;132.06
Mar 21, 2026 4:00 AM;Mar 21, 2026 5:00 AM;131.19
Mar 21, 2026 5:00 AM;Mar 21, 2026 6:00 AM;137.67
Mar 21, 2026 6:00 AM;Mar 21, 2026 7:00 AM;142.34
Mar 21, 2026 7:00 AM;Mar 21, 2026 8:00 AM;139.66
Mar 21, 2026 8:00 AM;Mar 21, 2026 9:00 AM;127.27
Mar 21, 2026 9:00 AM;Mar 21, 2026 10:00 AM;100.58
Mar 21, 2026 10:00 AM;Mar 21, 2026 11:00 AM;76.47
Mar 21, 2026 11:00 AM;Mar 21, 2026 12:00 PM;45.9
Mar 21, 2026 12:00 PM;Mar 21, 2026 1:00 PM;23.49
Mar 21, 2026 1:00 PM;Mar 21, 2026 2:00 PM;24.27
Mar 21, 2026 2:00 PM;Mar 21, 2026 3:00 PM;62.93
Mar 21, 2026 3:00 PM;Mar 21, 2026 4:00 PM;90
Mar 21, 2026 4:00 PM;Mar 21, 2026 5:00 PM;115.67
Mar 21, 2026 5:00 PM;Mar 21, 2026 6:00 PM;146.03
Mar 21, 2026 6:00 PM;Mar 21, 2026 7:00 PM;171.62
Mar 21, 2026 7:00 PM;Mar 21, 2026 8:00 PM;163.11
Mar 21, 2026 8:00 PM;Mar 21, 2026 9:00 PM;141.83
Mar 21, 2026 9:00 PM;Mar 21, 2026 10:00 PM;126.88
Mar 21, 2026 10:00 PM;Mar 21, 2026 11:00 PM;120.24
Mar 21, 2026 11:00 PM;Mar 22, 2026 12:00 AM;108
Mar 22, 2026 12:00 AM;Mar 22, 2026 1:00 AM;100.41
Mar 22, 2026 1:00 AM;Mar 22, 2026 2:00 AM;95.76
Mar 22, 2026 2:00 AM;Mar 22, 2026 3:00 AM;94.2
Mar 22, 2026 3:00 AM;Mar 22, 2026 4:00 AM;95.26
Mar 22, 2026 4:00 AM;Mar 22, 2026 5:00 AM;98.6
Mar 22, 2026 5:00 AM;Mar 22, 2026 6:00 AM;101.66
Mar 22, 2026 6:00 AM;Mar 22, 2026 7:00 AM;100.11
Mar 22, 2026 7:00 AM;Mar 22, 2026 8:00 AM;84.71
Mar 22, 2026 8:00 AM;Mar 22, 2026 9:00 AM;41.33
Mar 22, 2026 9:00 AM;Mar 22, 2026 10:00 AM;6.77
Mar 22, 2026 10:00 AM;Mar 22, 2026 11:00 AM;-0.43
Mar 22, 2026 11:00 AM;Mar 22, 2026 12:00 PM;-4.36
Mar 22, 2026 12:00 PM;Mar 22, 2026 1:00 PM;-11.76
Mar 22, 2026 1:00 PM;Mar 22, 2026 2:00 PM;-10.31
Mar 22, 2026 2:00 PM;Mar 22, 2026 3:00 PM;-2.18
Mar 22, 2026 3:00 PM;Mar 22, 2026 4:00 PM;11.25
Mar 22, 2026 4:00 PM;Mar 22, 2026 5:00 PM;93.15
Mar 22, 2026 5:00 PM;Mar 22, 2026 6:00 PM;145.64
Mar 22, 2026 6:00 PM;Mar 22, 2026 7:00 PM;174.19
Mar 22, 2026 7:00 PM;Mar 22, 2026 8:00 PM;173.38
Mar 22, 2026 8:00 PM;Mar 22, 2026 9:00 PM;164.73
Mar 22, 2026 9:00 PM;Mar 22, 2026 10:00 PM;155.38
Mar 22, 2026 10:00 PM;Mar 22, 2026 11:00 PM;146.8
Mar 22, 2026 11:00 PM;Mar 23, 2026 12:00 AM;143.51
Mar 23, 2026 12:00 AM;Mar 23, 2026 1:00 AM;131.14
Mar 23, 2026 1:00 AM;Mar 23, 2026 2:00 AM;125.9
Mar 23, 2026 2:00 AM;Mar 23, 2026 3:00 AM;125.16
Mar 23, 2026 3:00 AM;Mar 23, 2026 4:00 AM;128.59
Mar 23, 2026 4:00 AM;Mar 23, 2026 5:00 AM;138.27
Mar 23, 2026 5:00 AM;Mar 23, 2026 6:00 AM;155.72
Mar 23, 2026 6:00 AM;Mar 23, 2026 7:00 AM;182.29
Mar 23, 2026 7:00 AM;Mar 23, 2026 8:00 AM;186.19
Mar 23, 2026 8:00 AM;Mar 23, 2026 9:00 AM;147.61
Mar 23, 2026 9:00 AM;Mar 23, 2026 10:00 AM;108
Mar 23, 2026 10:00 AM;Mar 23, 2026 11:00 AM;81.43
Mar 23, 2026 11:00 AM;Mar 23, 2026 12:00 PM;48.08
Mar 23, 2026 12:00 PM;Mar 23, 2026 1:00 PM;49.26
Mar 23, 2026 1:00 PM;Mar 23, 2026 2:00 PM;74.88
Mar 23, 2026 2:00 PM;Mar 23, 2026 3:00 PM;94.98
Mar 23, 2026 3:00 PM;Mar 23, 2026 4:00 PM;114.45
Mar 23, 2026 4:00 PM;Mar 23, 2026 5:00 PM;138.54
Mar 23, 2026 5:00 PM;Mar 23, 2026 6:00 PM;190.78
Mar 23, 2026 6:00 PM;Mar 23, 2026 7:00 PM;263.01
Mar 23, 2026 7:00 PM;Mar 23, 2026 8:00 PM;241.56
Mar 23, 2026 8:00 PM;Mar 23, 2026 9:00 PM;206.59
Mar 23, 2026 9:00 PM;Mar 23, 2026 10:00 PM;177.32
Mar 23, 2026 10:00 PM;Mar 23, 2026 11:00 PM;155.74
Mar 23, 2026 11:00 PM;Mar 24, 2026 12:00 AM;140.45
Mar 24, 2026 12:00 AM;Mar 24, 2026 1:00 AM;141.06
Mar 24, 2026 1:00 AM;Mar 24, 2026 2:00 AM;124.32
Mar 24, 2026 2:00 AM;Mar 24, 2026 3:00 AM;110
Mar 24, 2026 3:00 AM;Mar 24, 2026 4:00 AM;101.64
Mar 24, 2026 4:00 AM;Mar 24, 2026 5:00 AM;100.38
Mar 24, 2026 5:00 AM;Mar 24, 2026 6:00 AM;100.97
Mar 24, 2026 6:00 AM;Mar 24, 2026 7:00 AM;110.82
Mar 24, 2026 7:00 AM;Mar 24, 2026 8:00 AM;113.05
Mar 24, 2026 8:00 AM;Mar 24, 2026 9:00 AM;97.46
Mar 24, 2026 9:00 AM;Mar 24, 2026 10:00 AM;70.91
Mar 24, 2026 10:00 AM;Mar 24, 2026 11:00 AM;23.73
Mar 24, 2026 11:00 AM;Mar 24, 2026 12:00 PM;1.2
Mar 24, 2026 12:00 PM;Mar 24, 2026 1:00 PM;-0.01
Mar 24, 2026 1:00 PM;Mar 24, 2026 2:00 PM;-0.02
Mar 24, 2026 2:00 PM;Mar 24, 2026 3:00 PM;0
Mar 24, 2026 3:00 PM;Mar 24, 2026 4:00 PM;20
Mar 24, 2026 4:00 PM;Mar 24, 2026 5:00 PM;77.43
Mar 24, 2026 5:00 PM;Mar 24, 2026 6:00 PM;112.84
Mar 24, 2026 6:00 PM;Mar 24, 2026 7:00 PM;135.84
Mar 24, 2026 7:00 PM;Mar 24, 2026 8:00 PM;137.99
Mar 24, 2026 8:00 PM;Mar 24, 2026 9:00 PM;101.1
Mar 24, 2026 9:00 PM;Mar 24, 2026 10:00 PM;74.5
Mar 24, 2026 10:00 PM;Mar 24, 2026 11:00 PM;66.1
Mar 24, 2026 11:00 PM;Mar 25, 2026 12:00 AM;22.1
Mar 25, 2026 12:00 AM;Mar 25, 2026 1:00 AM;1.81
Mar 25, 2026 1:00 AM;Mar 25, 2026 2:00 AM;0.37
Mar 25, 2026 2:00 AM;Mar 25, 2026 3:00 AM;0
Mar 25, 2026 3:00 AM;Mar 25, 2026 4:00 AM;-0.01
Mar 25, 2026 4:00 AM;Mar 25, 2026 5:00 AM;-0.01
Mar 25, 2026 5:00 AM;Mar 25, 2026 6:00 AM;0.37
Mar 25, 2026 6:00 AM;Mar 25, 2026 7:00 AM;3.64
Mar 25, 2026 7:00 AM;Mar 25, 2026 8:00 AM;8.9
Mar 25, 2026 8:00 AM;Mar 25, 2026 9:00 AM;0.91
Mar 25, 2026 9:00 AM;Mar 25, 2026 10:00 AM;-0.03
Mar 25, 2026 10:00 AM;Mar 25, 2026 11:00 AM;-0.03
Mar 25, 2026 11:00 AM;Mar 25, 2026 12:00 PM;-0.01
Mar 25, 2026 12:00 PM;Mar 25, 2026 1:00 PM;-0.01
Mar 25, 2026 1:00 PM;Mar 25, 2026 2:00 PM;-0.01
Mar 25, 2026 2:00 PM;Mar 25, 2026 3:00 PM;0.01
Mar 25, 2026 3:00 PM;Mar 25, 2026 4:00 PM;4.78
Mar 25, 2026 4:00 PM;Mar 25, 2026 5:00 PM;41.9
Mar 25, 2026 5:00 PM;Mar 25, 2026 6:00 PM;98.84
Mar 25, 2026 6:00 PM;Mar 25, 2026 7:00 PM;134.83
Mar 25, 2026 7:00 PM;Mar 25, 2026 8:00 PM;161.93
Mar 25, 2026 8:00 PM;Mar 25, 2026 9:00 PM;134.91
Mar 25, 2026 9:00 PM;Mar 25, 2026 10:00 PM;114.46
Mar 25, 2026 10:00 PM;Mar 25, 2026 11:00 PM;108.1
Mar 25, 2026 11:00 PM;Mar 26, 2026 12:00 AM;88.8
